-- --------------------------------------------------------
-- Host:                         127.0.0.1
-- Server version:               5.7.20-log - MySQL Community Server (GPL)
-- Server OS:                    Win64
-- HeidiSQL Version:             9.4.0.5125
-- --------------------------------------------------------

/*!40101 SET @OLD_CHARACTER_SET_CLIENT=@@CHARACTER_SET_CLIENT */;
/*!40101 SET NAMES utf8 */;
/*!50503 SET NAMES utf8mb4 */;
/*!40014 SET @OLD_FOREIGN_KEY_CHECKS=@@FOREIGN_KEY_CHECKS, FOREIGN_KEY_CHECKS=0 */;
/*!40101 SET @OLD_SQL_MODE=@@SQL_MODE, SQL_MODE='NO_AUTO_VALUE_ON_ZERO' */;


-- Dumping database structure for bti-user-module1
CREATE DATABASE IF NOT EXISTS `bti-user-module1` /*!40100 DEFAULT CHARACTER SET utf8 */;
USE `bti-user-module1`;

-- Dumping structure for table bti-user-module1.fields
CREATE TABLE IF NOT EXISTS `fields` (
  `field_id` int(11) NOT NULL AUTO_INCREMENT,
  `created_by` int(11) DEFAULT NULL,
  `created_date` datetime DEFAULT NULL,
  `is_deleted` tinyint(4) DEFAULT '0',
  `updated_by` int(11) DEFAULT NULL,
  `updated_date` datetime DEFAULT NULL,
  `description` varchar(255) DEFAULT NULL,
  `field_code` varchar(255) DEFAULT NULL,
  `field_name` varchar(255) DEFAULT NULL,
  `field_short` varchar(255) DEFAULT NULL,
  `help_message` varchar(255) DEFAULT NULL,
  `lang_id` int(11) DEFAULT NULL,
  `screen_id` int(11) DEFAULT NULL,
  PRIMARY KEY (`field_id`),
  KEY `FK3e7b9dx4tnmsc23wpf9p8q9ws` (`lang_id`),
  KEY `FKmpty0ghcto1n97r5m0le787m1` (`screen_id`),
  CONSTRAINT `FK3e7b9dx4tnmsc23wpf9p8q9ws` FOREIGN KEY (`lang_id`) REFERENCES `language` (`lang_id`),
  CONSTRAINT `FKmpty0ghcto1n97r5m0le787m1` FOREIGN KEY (`screen_id`) REFERENCES `screens` (`screen_id`)
) ENGINE=InnoDB AUTO_INCREMENT=9085 DEFAULT CHARSET=utf8;

-- Dumping data for table bti-user-module1.fields: ~6,245 rows (approximately)
/*!40000 ALTER TABLE `fields` DISABLE KEYS */;
INSERT INTO `fields` (`field_id`, `created_by`, `created_date`, `is_deleted`, `updated_by`, `updated_date`, `description`, `field_code`, `field_name`, `field_short`, `help_message`, `lang_id`, `screen_id`) VALUES
	(8812, 0, '2017-12-15 17:14:22', 0, 0, '2017-12-15 17:14:31', 'Department Description', '3803', 'Department Description', 'DEPARTMENT_DESCRIPTION', 'Department Description', 1, 222),
	(8813, 0, '2017-12-13 15:51:08', 0, 0, '2017-12-13 15:51:10', 'Department ID', '3804', 'Department ID', 'DEPARTMENT_ID', 'Department ID', 1, 222),
	(8814, 0, '2017-12-13 15:53:42', 0, 0, '2017-12-13 15:53:47', 'Search Department', '3805', 'Search Department', 'DEPARTMENT_SEARCH', 'Department Search', 1, 222),
	(8815, 0, '2017-12-13 15:55:13', 0, 0, '2017-12-13 15:55:15', 'Arabic Description', '3806', 'Arabic Description', 'DEPARTMENT_ARABIC_DESCRIPTION', 'Arabic Description', 1, 222),
	(8816, 0, '2017-12-15 17:19:04', 0, 0, '2017-12-15 17:19:06', 'Action', '3807', 'Action', 'DEPARTMENT_ACTION', 'Action', 1, 222),
	(8817, 0, '2017-12-15 17:20:34', 0, 0, '2017-12-15 17:20:36', 'Create', '3808', 'Create', 'DEPARTMENT_CREATE_LABEL', 'Create', 1, 222),
	(8818, 0, '2017-12-15 18:29:12', 0, 0, '2017-12-15 18:29:13', 'Save', '3809', 'Save', 'DEPARTMENT_SAVE_LABEL', 'Save', 1, 222),
	(8819, 0, '2017-12-18 18:25:16', 0, 0, '2017-12-18 18:25:17', 'Clear', '3810', 'Clear', 'DEPARTMENT_CLEAR_LABEL', 'Clear', 1, 222),
	(8820, 0, '2017-12-18 18:25:58', 0, 0, '2017-12-18 18:26:00', 'Cancel', '3811', 'Cancel', 'DEPARTMENT_CANCEL_LABEL', 'Cancel', 1, 222),
	(8821, 0, '2017-12-18 18:29:05', 0, 0, '2017-12-18 18:29:07', 'Update', '3812', 'Update', 'DEPARTMENT_UPDATE_LABEL', 'Update', 1, 222),
	(8822, 0, '2017-12-21 13:22:52', 0, 0, '2017-12-21 13:22:54', 'Delete', '3813', 'Delete', 'DEPARTMENT_DELETE_LABEL', 'Delete', 1, 222),
	(8823, 0, '2018-01-02 12:23:42', 0, 0, '2018-01-02 12:23:43', 'Department Description', '3803', 'وصف القسم', 'DEPARTMENT_DESCRIPTION', 'وصف القسم', 2, 991),
	(8824, 0, '2018-01-02 12:48:16', 0, 0, '2018-01-02 12:48:17', 'Department ID', '3804', 'معرف القسم', 'DEPARTMENT_ID', 'معرف القسم', 2, 991),
	(8825, 0, '2018-01-02 12:49:48', 0, 0, '2018-01-02 12:49:49', 'Search Department', '3805', 'إدارة البحث', 'DEPARTMENT_SEARCH', 'إدارة البحث', 2, 991),
	(8826, 0, '2018-01-02 12:50:46', 0, 0, '2018-01-02 12:50:47', 'Arabic Description', '3806', 'العربية الوصف', 'DEPARTMENT_ARABIC_DESCRIPTION', 'العربية الوصف', 2, 961),
	(8827, 0, '2018-01-02 12:52:01', 0, 0, '2018-01-02 12:52:03', 'Action', '3807', 'عمل', 'DEPARTMENT_ACTION', 'عمل', 2, 991),
	(8828, 0, '2018-01-02 12:52:41', 0, 0, '2018-01-02 12:52:43', 'Create', '3808', 'خلق', 'DEPARTMENT_CREATE_LABEL', 'خلق', 2, 991),
	(8829, 0, '2018-01-02 12:53:40', 0, 0, '2018-01-02 12:53:45', 'Save', '3809', 'حفظ', 'DEPARTMENT_SAVE_LABEL', 'حفظ', 2, 991),
	(8830, 0, '2018-01-02 12:54:29', 0, 0, '2018-01-02 12:54:31', 'Clear', '3810', 'واضح', 'DEPARTMENT_CLEAR_LABEL', 'واضح', 2, 991),
	(8831, 0, '2017-12-18 13:29:50', 0, 0, '2017-12-18 13:29:52', 'Search Division', '3822', 'Search Division', 'DIVISION_SEARCH', 'Division Search', 1, 223),
	(8832, 0, '2017-12-18 13:31:26', 0, 0, '2017-12-18 13:31:28', 'Division ID', '3823', 'Division ID', 'DIVISION_ID', 'Division ID', 1, 223),
	(8833, 0, '2017-12-18 13:32:02', 0, 0, '2017-12-18 13:32:03', 'Division Description', '3824', 'Division Description', 'DIVISION_DESCRIPTION', 'Division Description', 1, 223),
	(8834, 0, '2017-12-18 13:33:22', 0, 0, '2017-12-18 13:33:23', 'Arabic Description', '3825', 'Arabic Description', 'DIVISION_ARABIC_DESCRIPTION', 'Arabic Description', 1, 223),
	(8835, 0, '2017-12-18 13:34:47', 0, 0, '2017-12-18 13:34:48', 'City', '3826', 'City', 'DIVISION_CITY', 'City', 1, 223),
	(8836, 0, '2017-12-18 13:56:57', 0, 0, '2017-12-18 13:56:58', 'Division Address', '3827', 'Division Address', 'DIVISION_ADDRESS', 'Division Address', 1, 223),
	(8837, 0, '2017-12-18 13:57:47', 0, 0, '2017-12-18 13:57:49', 'Phone', '3828', 'Phone', 'DIVISION_PHONE', 'Phone', 1, 223),
	(8838, 0, '2017-12-18 13:58:31', 0, 0, '2017-12-18 13:58:35', 'FAX', '3829', 'FAX', 'DIVISION_FAX', 'Fax', 1, 223),
	(8839, 0, '2017-12-18 13:59:19', 0, 0, '2017-12-18 13:59:20', 'Email Address', '3830', 'Email Address', 'DIVISION_EMAIL', 'Email Address', 1, 223),
	(8840, 0, '2017-12-18 14:00:09', 0, 0, '2017-12-18 14:00:10', 'Create', '3831', 'Create', 'DIVISION_CREATE_LABEL', 'Create', 1, 223),
	(8841, 0, '2017-12-18 14:00:44', 0, 0, '2017-12-18 14:00:46', 'Clear', '3832', 'Clear', 'DIVISION_CLEAR_LABEL', 'Clear', 1, 223),
	(8842, 0, '2017-12-18 14:01:30', 0, 0, '2017-12-18 14:01:31', 'Save', '3833', 'Save', 'DIVISION_SAVE_LABEL', 'Save', 1, 223),
	(8843, 0, '2017-12-18 14:02:13', 0, 0, '2017-12-18 14:02:14', 'Cancel', '3834', 'Cancel', 'DIVISION_CANCEL_LABEL', 'Cancel', 1, 223),
	(8844, 0, '2017-12-18 14:02:45', 0, 0, '2017-12-18 14:02:46', 'Update', '3835', 'Update', 'DIVISION_UPDATE_LABEL', 'Update', 1, 223),
	(8845, 0, '2017-12-18 14:09:34', 0, 0, '2017-12-18 14:09:35', 'Action', '3836', 'Action', 'DIVISION_ACTION', 'Action', 1, 223),
	(8846, 1, '2017-12-18 16:32:29', 0, 1, '2017-12-18 16:32:36', 'HCM', '3837', 'HCM', 'HCM', 'HCM', 1, 4),
	(8847, 0, '2017-12-21 13:24:03', 0, 0, '2017-12-21 13:24:05', 'Delete', '3838', 'Delete', 'DIVISION_DELETE_LABEL', 'Delete', 1, 223),
	(8848, 0, '2018-01-02 13:52:36', 0, 0, '2018-01-02 13:52:37', 'HCM', '3837', 'HCM', 'HCM', 'HCM', 2, 722),
	(8849, 0, '2018-01-02 12:55:49', 0, 0, '2018-01-02 12:55:50', 'Cancel', '3811', 'إلغاء', 'DEPARTMENT_CANCEL_LABEL', 'إلغاء', 2, 991),
	(8850, 0, '2018-01-02 12:58:19', 0, 0, '2018-01-02 12:58:20', 'Update', '3812', 'تحديث', 'DEPARTMENT_UPDATE_LABEL', 'تحديث', 2, 991),
	(8851, 0, '2018-01-02 12:59:02', 0, 0, '2018-01-02 12:59:03', 'Delete', '3813', 'حذف', 'DEPARTMENT_DELETE_LABEL', 'حذف', 2, 991),
	(8852, 0, '2018-01-02 15:54:25', 0, 0, '2018-01-02 15:54:26', 'Search Division', '3822', 'قسم البحث', 'DIVISION_SEARCH', 'قسم البحث', 2, 992),
	(8853, 0, '2018-01-02 15:54:25', 0, 0, '2018-01-02 15:54:26', 'Division ID', '3823', 'معرف القسم', 'DIVISION_ID', 'معرف القسم', 2, 992),
	(8854, 0, '2018-01-02 15:54:25', 0, 0, '2018-01-02 15:54:26', 'Division Description', '3824', 'شعبة الوصف', 'DIVISION_DESCRIPTION', 'شعبة الوصف', 2, 992),
	(8855, 0, '2018-01-02 15:54:25', 0, 0, '2018-01-02 15:54:26', 'Arabic Description', '3825', 'العربية الوصف', 'DIVISION_ARABIC_DESCRIPTION', 'العربية الوصف', 2, 962),
	(8856, 0, '2018-01-02 15:54:25', 0, 0, '2018-01-02 15:54:26', 'City', '3826', 'مدينة', 'DIVISION_CITY', 'مدينة', 2, 992),
	(8857, 0, '2018-01-02 16:04:56', 0, 0, '2018-01-02 16:05:02', 'Division Address', '3827', 'عنوان القسم', 'DIVISION_ADDRESS', 'عنوان القسم', 2, 992),
	(8858, 0, '2018-01-02 15:54:25', 0, 0, '2018-01-02 15:54:26', 'Phone', '3828', 'هاتف', 'DIVISION_PHONE', 'هاتف', 2, 992),
	(8859, 0, '2018-01-02 15:54:25', 0, 0, '2018-01-02 15:54:26', 'FAX', '3829', 'الفاكس', 'DIVISION_FAX', 'الفاكس', 2, 992),
	(8860, 0, '2018-01-02 15:54:25', 0, 0, '2018-01-02 15:54:26', 'Email Address', '3830', 'عنوان البريد الإلكتروني', 'DIVISION_EMAIL', 'عنوان البريد الإلكتروني', 2, 962),
	(8861, 0, '2018-01-02 15:54:25', 0, 0, '2018-01-02 15:54:26', 'Create', '3831', 'خلق', 'DIVISION_CREATE_LABEL', 'خلق', 2, 992),
	(8862, 0, '2018-01-02 15:54:25', 0, 0, '2018-01-02 15:54:26', 'Clear', '3832', 'واضح', 'DIVISION_CLEAR_LABEL', 'واضح', 2, 992),
	(8863, 0, '2018-01-02 15:54:25', 0, 0, '2018-01-02 15:54:26', 'Save', '3833', 'حفظ', 'DIVISION_SAVE_LABEL', 'حفظ', 2, 992),
	(8864, 0, '2018-01-02 15:54:25', 0, 0, '2018-01-02 15:54:26', 'Cancel', '3834', 'إلغاء', 'DIVISION_CANCEL_LABEL', 'إلغاء', 2, 992),
	(8865, 0, '2018-01-02 15:54:25', 0, 0, '2018-01-02 15:54:26', 'Update', '3835', 'تحديث', 'DIVISION_UPDATE_LABEL', 'تحديث', 2, 992),
	(8866, 0, '2018-01-02 15:54:25', 0, 0, '2018-01-02 15:54:26', 'Action', '3836', 'عمل', 'DIVISION_ACTION', 'عمل', 2, 992),
	(8867, 0, '2018-01-02 15:54:25', 0, 0, '2018-01-02 15:54:26', 'Delete', '3838', 'حذف', 'DIVISION_DELETE_LABEL', 'حذف', 2, 992),
	(8868, 0, '2018-01-02 17:47:34', 0, 0, '2018-01-02 17:47:36', 'Create Department', '3814', 'Create Department', 'DEPARTMENT_CREATE_FORM_LABEL', 'Create Department', 1, 222),
	(8869, 0, '2018-01-02 17:48:45', 0, 0, '2018-01-02 17:48:46', 'Create Department', '3814', 'إنشاء قسم', 'DEPARTMENT_CREATE_FORM_LABEL', 'إنشاء قسم', 2, 991),
	(8870, 0, '2018-01-02 17:50:21', 0, 0, '2018-01-02 17:50:23', 'Update Department', '3815', 'Update Department', 'DEPARTMENT_UPDATE_FORM_LABEL', 'Update Department', 1, 222),
	(8871, 0, '2018-01-02 17:50:59', 0, 0, '2018-01-02 17:51:03', 'Update Department', '3815', 'قسم التحديث', 'DEPARTMENT_UPDATE_FORM_LABEL', 'قسم التحديث', 2, 991),
	(8872, 0, '2018-01-02 17:55:25', 0, 0, '2018-01-02 17:55:26', 'Create Division', '3839', 'Create Division', 'DIVISION_CREATE_FORM_LABEL', 'Create Division', 1, 223),
	(8873, 0, '2018-01-02 17:57:22', 0, 0, '2018-01-02 17:57:26', 'Create Division', '3839', 'خلق الانقسام', 'DIVISION_CREATE_FORM_LABEL', 'خلق الانقسام', 2, 992),
	(8874, 0, '2018-01-02 17:58:06', 0, 0, '2018-01-02 17:58:22', 'Update Division', '3840', 'Update Division', 'DIVISION_UPDATE_FORM_LABEL', 'Update Division', 1, 223),
	(8875, 0, '2018-01-02 17:59:07', 0, 0, '2018-01-02 17:59:08', 'Update Division', '3840', 'تحديث القسم', 'DIVISION_UPDATE_FORM_LABEL', 'تحديث القسم', 2, 992),
	(8876, 0, '2017-12-15 17:14:22', 0, 0, '2017-12-15 17:14:31', 'Position Class Description', '6803', 'Position Class Description', 'POSITION_CLASS_DESCRIPTION', 'Possition Class Description', 1, 224),
	(8877, 0, '2017-12-13 15:51:08', 0, 0, '2017-12-13 15:51:10', 'Position Class ID', '6804', 'Position Class ID', 'POSITION_CLASS_ID', 'POSITION ID', 1, 224),
	(8878, 0, '2017-12-13 15:53:42', 0, 0, '2017-12-13 15:53:47', 'Search Position Class', '6805', 'Search Position Class', 'POSITION_CLASS_SEARCH', 'Position Class Search', 1, 224),
	(8879, 0, '2017-12-13 15:55:13', 0, 0, '2017-12-13 15:55:15', 'Arabic Description', '6806', 'Arabic Description', 'POSITION_CLASS_ARABIC_DESCRIPTION', 'Arabic Description', 1, 224),
	(8880, 0, '2017-12-15 17:19:04', 0, 0, '2017-12-15 17:19:06', 'Action', '6807', 'Action', 'POSITION_CLASS_ACTION', 'Action', 1, 224),
	(8881, 0, '2017-12-15 17:20:34', 0, 0, '2017-12-15 17:20:36', 'Create', '6808', 'Create', 'POSITION_CLASS_CREATE_LABEL', 'Create', 1, 224),
	(8882, 0, '2017-12-15 18:29:12', 0, 0, '2017-12-15 18:29:13', 'Save', '6809', 'Save', 'POSITION_CLASS_SAVE_LABEL', 'Save', 1, 224),
	(8883, 0, '2017-12-18 18:25:16', 0, 0, '2017-12-18 18:25:17', 'Clear', '6810', 'Clear', 'POSITION_CLASS_CLEAR_LABEL', 'Clear', 1, 224),
	(8884, 0, '2017-12-18 18:25:58', 0, 0, '2017-12-18 18:26:00', 'Cancel', '6811', 'Cancel', 'POSITION_CLASS_CANCEL_LABEL', 'Cancel', 1, 224),
	(8885, 0, '2017-12-18 18:29:05', 0, 0, '2017-12-18 18:29:07', 'Update', '6812', 'Update', 'POSITION_CLASS_UPDATE_LABEL', 'Update', 1, 224),
	(8886, 0, '2017-12-21 13:22:52', 0, 0, '2017-12-21 13:22:54', 'Delete', '6813', 'Delete', 'POSITION_CLASS_DELETE_LABEL', 'Delete', 1, 224),
	(8887, 0, '2018-01-02 17:47:34', 0, 0, '2018-01-02 17:47:36', 'Create Department', '6814', 'Create Position Class', 'POSITION_CLASS_CREATE_FORM_LABEL', 'Create Position Class', 1, 224),
	(8888, 0, '2018-01-02 17:50:21', 0, 0, '2018-01-02 17:50:23', 'Update Position Class', '6815', 'Update Position Class', 'POSITION_CLASS_UPDATE_FORM_LABEL', 'Update Position Class', 1, 224),
	(8889, 0, '2017-12-15 17:14:22', 0, 0, '2017-12-15 17:14:31', 'Position Description', '7803', 'Position Description', 'POSITION_SETUP_DESCRIPTION', 'Position Description', 1, 994),
	(8890, 0, '2017-12-13 15:51:08', 0, 0, '2017-12-13 15:51:10', 'Position ID', '7804', 'Position ID', 'POSITION_SETUP_ID', 'Position ID', 1, 994),
	(8891, 0, '2017-12-13 15:53:42', 0, 0, '2017-12-13 15:53:47', 'Search Position', '7805', 'Search Position', 'POSITION_SETUP_SEARCH', 'Position Search', 1, 994),
	(8892, 0, '2017-12-13 15:55:13', 0, 0, '2017-12-13 15:55:15', 'Arabic Description', '7806', 'Arabic Description', 'POSITION_SETUP_ARABIC_DESCRIPTION', 'Arabic Description', 1, 994),
	(8893, 0, '2017-12-15 17:19:04', 0, 0, '2017-12-15 17:19:06', 'Action', '7807', 'Action', 'POSITION_SETUP_ACTION', 'Action', 1, 994),
	(8894, 0, '2017-12-15 17:20:34', 0, 0, '2017-12-15 17:20:36', 'Create', '7808', 'Create', 'POSITION_SETUP_CREATE_LABEL', 'Create', 1, 994),
	(8895, 0, '2017-12-15 18:29:12', 0, 0, '2017-12-15 18:29:13', 'Save', '7809', 'Save', 'POSITION_SETUP_SAVE_LABEL', 'Save', 1, 994),
	(8896, 0, '2017-12-18 18:25:16', 0, 0, '2017-12-18 18:25:17', 'Clear', '7810', 'Clear', 'POSITION_SETUP_CLEAR_LABEL', 'Clear', 1, 994),
	(8897, 0, '2017-12-18 18:25:58', 0, 0, '2017-12-18 18:26:00', 'Cancel', '7811', 'Cancel', 'POSITION_SETUP_CANCEL_LABEL', 'Cancel', 1, 994),
	(8898, 0, '2017-12-18 18:29:05', 0, 0, '2017-12-18 18:29:07', 'Update', '7812', 'Update', 'POSITION_SETUP_UPDATE_LABEL', 'Update', 1, 994),
	(8899, 0, '2017-12-21 13:22:52', 0, 0, '2017-12-21 13:22:54', 'Delete', '7813', 'Delete', 'POSITION_SETUP_DELETE_LABEL', 'Delete', 1, 994),
	(8900, 0, '2018-01-02 17:47:34', 0, 0, '2018-01-02 17:47:36', 'Create Position', '7814', 'Create Position', 'POSITION_SETUP_CREATE_FORM_LABEL', 'Create Position', 1, 994),
	(8901, 0, '2018-01-02 17:50:21', 0, 0, '2018-01-02 17:50:23', 'Update Position', '7815', 'Update Position', 'POSITION_SETUP_UPDATE_FORM_LABEL', 'Update Position', 1, 994),
	(8902, 0, '2017-12-18 18:29:05', 0, 0, '2017-12-18 18:29:07', 'Report to Position', '7812', 'Report to Position', 'POSITION_SETUP_REPORT_TO_POSITION', 'Report to Position', 1, 994),
	(8903, 0, '2017-12-21 13:22:52', 0, 0, '2017-12-21 13:22:54', 'Position Class', '6816', 'Position Class', 'POSITION_CLASS', 'Position Class', 1, 994),
	(8904, 0, '2018-01-02 17:47:34', 0, 0, '2018-01-02 17:47:36', 'Position Long Description', '7814', 'Position Long Description', 'POSITION_SETUP_LONG_DESCRIPTION', 'Position Long Description', 1, 994),
	(8905, 0, '2018-01-02 17:50:21', 0, 0, '2018-01-02 17:50:23', 'Default Skill', '7815', 'Default Skill', 'POSITION_SETUP_DEFAULT_SKILL_ID', 'Default Skill', 1, 994),
	(8906, 1, '2017-06-09 14:40:46', 0, 1, '2017-08-22 10:27:59', 'Location ID', '2000', 'Location ID', 'LOCATION_ID', 'Location ID', 1, 993),
	(8907, 1, '2017-06-09 14:40:46', 0, 1, '2017-08-22 10:27:59', 'Description', '2001', 'Description', 'LOCATION_DESCRIPTION', 'Description', 1, 993),
	(8908, 1, '2017-06-09 14:40:46', 0, 1, '2017-08-22 10:27:59', 'Arabic Description ', '2002', 'Arabic Description ', 'LOCATION_ARABIC_DESCRIPTION', 'Arabic Description ', 1, 993),
	(8909, 1, '2017-06-09 14:40:46', 0, 1, '2017-08-22 10:27:59', 'Contact Name', '2003', 'Contact Name', 'LOCATION_CONTACT_NAME', 'Contact Name', 1, 993),
	(8910, 1, '2017-06-09 14:40:46', 0, 1, '2017-08-22 10:27:59', 'Location Address', '2004', 'Location Address', 'LOCATION_ADDRESS', 'Location Address', 1, 993),
	(8911, 1, '2017-06-09 14:40:46', 0, 1, '2017-08-22 10:27:59', 'City', '2005', 'City', 'LOCATION_CITY', 'City', 1, 993),
	(8912, 1, '2017-06-09 14:40:46', 0, 1, '2017-08-22 10:27:59', 'Country', '2006', 'Country', 'LOCATION_COUNTRY', 'Country', 1, 993),
	(8913, 1, '2017-06-09 14:40:46', 0, 1, '2017-08-22 10:27:59', 'Phone', '2007', 'Phone', 'LOCATION_PHONE', 'Phone', 1, 993),
	(8914, 1, '2017-06-09 14:40:46', 0, 1, '2017-08-22 10:27:59', 'Fax', '2008', 'Fax', 'LOCATION_FAX', 'Fax', 1, 993),
	(8915, 0, '2017-12-15 17:20:34', 0, 0, '2017-12-15 17:20:36', 'Training', '7816', 'Training', 'POSITION_SETUP_TRAINING_FORM_LABEL', 'Training', 1, 994),
	(8916, 0, '2017-12-15 18:29:12', 0, 0, '2017-12-15 18:29:13', 'Plan', '7817', 'Plan', 'POSITION_SETUP_PLAN_FORM_LABEL', 'Plan', 1, 994),
	(8919, 1, '2017-06-09 14:40:46', 0, 1, '2017-08-22 10:27:59', 'Create', '2009', 'Create', 'LOCATION_CREATE_LABEL', 'Create', 1, 993),
	(8920, 1, '2017-06-09 14:40:46', 0, 1, '2017-08-22 10:27:59', 'Action', '2010', 'Action', 'LOCATION_ACTION', 'Action', 1, 993),
	(8921, 1, '2017-06-09 14:40:46', 0, 1, '2017-08-22 10:27:59', 'Save', '2011', 'Save', 'LOCATION_SAVE_LABEL', 'Save', 1, 993),
	(8922, 1, '2017-06-09 14:40:46', 0, 1, '2017-08-22 10:27:59', 'Clear', '2012', 'Clear', 'LOCATION_CLEAR_LABEL', 'Clear', 1, 993),
	(8923, 1, '2017-06-09 14:40:46', 0, 1, '2017-08-22 10:27:59', 'Cancel', '2013', 'Cancel', 'LOCATION_CANCEL_LABEL', 'Cancel', 1, 993),
	(8924, 1, '2017-06-09 14:40:46', 0, 1, '2017-08-22 10:27:59', 'Update', '2014', 'Update', 'LOCATION_UPDATE_LABEL', 'Update', 1, 993),
	(8925, 1, '2017-06-09 14:40:46', 0, 1, '2017-08-22 10:27:59', 'Delete', '2015', 'Delete', 'LOCATION_DELETE_LABEL', 'Delete', 1, 993),
	(8926, 1, '2017-06-09 14:40:46', 0, 1, '2017-08-22 10:27:59', 'Create Location', '2016', 'Create Location', 'LOCATION_CREATE_FORM_LABEL', 'Create Location', 1, 993),
	(8927, 1, '2017-06-09 14:40:46', 0, 1, '2017-08-22 10:27:59', 'Location ID', '2017', 'رقم تعريف الموقع', 'LOCATION_ID', 'رقم تعريف الموقع', 2, 995),
	(8928, 1, '2017-06-09 14:40:46', 0, 1, '2017-08-22 10:27:59', 'Description', '2018', 'وصف', 'LOCATION_DESCRIPTION', 'وصف', 2, 995),
	(8929, 1, '2017-06-09 14:40:46', 0, 1, '2017-08-22 10:27:59', 'Arabic Description ', '2019', 'العربية الوصف', 'LOCATION_ARABIC_DESCRIPTION', 'العربية الوصف', 2, 995),
	(8930, 1, '2017-06-09 14:40:46', 0, 1, '2017-08-22 10:27:59', 'Contact Name', '2020', 'اسم جهة الاتصال', 'LOCATION_CONTACT_NAME', 'اسم جهة الاتصال', 2, 995),
	(8931, 1, '2017-06-09 14:40:46', 0, 1, '2017-08-22 10:27:59', 'Location Address', '2021', 'عنوان المنطقة', 'LOCATION_ADDRESS', 'عنوان المنطقة', 2, 995),
	(8932, 1, '2017-06-09 14:40:46', 0, 1, '2017-08-22 10:27:59', 'City', '2022', 'مدينة', 'LOCATION_CITY', 'مدينة', 2, 995),
	(8933, 1, '2017-06-09 14:40:46', 0, 1, '2017-08-22 10:27:59', 'Country', '2023', 'بلد', 'LOCATION_COUNTRY', 'بلد', 2, 995),
	(8934, 1, '2017-06-09 14:40:46', 0, 1, '2017-08-22 10:27:59', 'Phone', '2024', 'هاتف', 'LOCATION_PHONE', 'هاتف', 2, 995),
	(8935, 1, '2017-06-09 14:40:46', 0, 1, '2017-08-22 10:27:59', 'Fax', '2025', 'فاكس', 'LOCATION_FAX', 'فاكس', 2, 995),
	(8936, 1, '2017-06-09 14:40:46', 0, 1, '2017-08-22 10:27:59', 'Create', '2026', 'خلق', 'LOCATION_CREATE_LABEL', 'خلق', 2, 995),
	(8937, 1, '2017-06-09 14:40:46', 0, 1, '2017-08-22 10:27:59', 'Action', '2027', 'عمل', 'LOCATION_ACTION', 'عمل', 2, 995),
	(8938, 1, '2017-06-09 14:40:46', 0, 1, '2017-08-22 10:27:59', 'Save', '2028', 'حفظ', 'LOCATION_SAVE_LABEL', 'حفظ', 2, 995),
	(8939, 1, '2017-06-09 14:40:46', 0, 1, '2017-08-22 10:27:59', 'Clear', '2029', 'واضح', 'LOCATION_CLEAR_LABEL', 'واضح', 2, 995),
	(8940, 1, '2017-06-09 14:40:46', 0, 1, '2017-08-22 10:27:59', 'Cancel', '2030', 'إلغاء', 'LOCATION_CANCEL_LABEL', 'إلغاء', 2, 995),
	(8941, 1, '2017-06-09 14:40:46', 0, 1, '2017-08-22 10:27:59', 'Update', '2031', 'تحديث', 'LOCATION_UPDATE_LABEL', 'تحديث', 2, 995),
	(8942, 1, '2017-06-09 14:40:46', 0, 1, '2017-08-22 10:27:59', 'Delete', '2032', 'حذف', 'LOCATION_DELETE_LABEL', 'حذف', 2, 995),
	(8943, 0, '2017-12-15 17:14:22', 0, 0, '2017-12-15 17:14:31', 'Position Plan Setup Class Description', '7903', 'Plan Description', 'POSITION_PLAN_SETUP_DESCRIPTION', 'Position Class Description', 1, 996),
	(8944, 0, '2017-12-13 15:51:08', 0, 0, '2017-12-13 15:51:10', 'Position Plan Setup ID', '7904', 'Position Plan ID', 'POSITION_PLAN_SETUP_ID', 'POSITION Plan Setup ID', 1, 996),
	(8945, 0, '2017-12-13 15:53:42', 0, 0, '2017-12-13 15:53:47', 'Search Position Plan Setup', '7905', 'Search Position Plan Setup', 'POSITION_PLAN_SETUP_SEARCH', 'Position Plan Setup Search', 1, 996),
	(8946, 0, '2017-12-13 15:55:13', 0, 0, '2017-12-13 15:55:15', 'Arabic Description', '7906', 'Arabic Description', 'POSITION_PLAN_SETUP_ARABIC_DESCRIPTION', 'Arabic Description', 1, 996),
	(8947, 0, '2017-12-15 17:19:04', 0, 0, '2017-12-15 17:19:06', 'Action', '7907', 'Action', 'POSITION_PLAN_SETUP_ACTION', 'Action', 1, 996),
	(8948, 0, '2017-12-15 17:20:34', 0, 0, '2017-12-15 17:20:36', 'Create', '7908', 'Create', 'POSITION_PLAN_SETUP_CREATE_LABEL', 'Create', 1, 996),
	(8949, 0, '2017-12-15 18:29:12', 0, 0, '2017-12-15 18:29:13', 'Save', '7909', 'Save', 'POSITION_PLAN_SETUP_SAVE_LABEL', 'Save', 1, 996),
	(8950, 0, '2017-12-18 18:25:16', 0, 0, '2017-12-18 18:25:17', 'Clear', '7910', 'Clear', 'POSITION_PLAN_SETUP_CLEAR_LABEL', 'Clear', 1, 996),
	(8951, 0, '2017-12-18 18:25:58', 0, 0, '2017-12-18 18:26:00', 'Cancel', '7911', 'Cancel', 'POSITION_PLAN_SETUP_CANCEL_LABEL', 'Cancel', 1, 996),
	(8952, 0, '2017-12-18 18:29:05', 0, 0, '2017-12-18 18:29:07', 'Update', '7912', 'Update', 'POSITION_PLAN_SETUP_UPDATE_LABEL', 'Update', 1, 996),
	(8953, 0, '2017-12-21 13:22:52', 0, 0, '2017-12-21 13:22:54', 'Delete', '7913', 'Delete', 'POSITION_PLAN_SETUP_DELETE_LABEL', 'Delete', 1, 996),
	(8954, 0, '2018-01-02 17:47:34', 0, 0, '2018-01-02 17:47:36', 'Create Department', '7914', 'Create Position Plan Setup', 'POSITION_PLAN_SETUP_CREATE_FORM_LABEL', 'Create Position Plan Setup', 1, 996),
	(8955, 0, '2018-01-02 17:50:21', 0, 0, '2018-01-02 17:50:23', 'Update Position Plan Setup', '7915', 'Update Position Plan Setup', 'POSITION_PLAN_SETUP_UPDATE_FORM_LABEL', 'Update Position Plan Setup', 1, 996),
	(8956, 0, '2018-01-02 17:47:34', 0, 0, '2018-01-02 17:47:36', 'Position Start Date', '7914', 'Start Date', 'POSITION_PLAN_SETUP_START_DATE', 'Position Start Date', 1, 996),
	(8957, 0, '2018-01-02 17:50:21', 0, 0, '2018-01-02 17:50:23', 'Position End Date', '7916', 'End Date', 'POSITION_PLAN_SETUP_END_DATE', 'Position End Date', 1, 996),
	(8958, 0, '2018-01-02 17:50:21', 0, 0, '2018-01-02 17:50:23', 'Position Inactive', '7917', 'Inactive', 'POSITION_PLAN_SETUP_INACTIVE', 'Position Inactive', 1, 996),
	(8959, 0, '2017-12-15 17:14:22', 0, 0, '2017-12-15 17:14:31', 'Position Plan ID', '5803', 'Position ID', 'POSITION_ID', 'Position Plan ID', 1, 996),
	(8960, 1, '2017-06-09 14:40:46', 0, 1, '2017-08-22 10:27:59', 'Supervisor Code', '2033', 'Supervisor Code', 'SUPERVISOR_CODE', 'Supervisor Code', 1, 997),
	(8961, 1, '2017-06-09 14:40:46', 0, 1, '2017-08-22 10:27:59', 'Description', '2034', 'Description', 'SUPERVISOR_DESCRIPTION', 'Description', 1, 997),
	(8962, 1, '2017-06-09 14:40:46', 0, 1, '2017-08-22 10:27:59', 'Arabic Description', '2035', 'Arabic Description', 'SUPERVISOR_ARABIC_DESCRIPTION', 'Arabic Description', 1, 997),
	(8963, 1, '2017-06-09 14:40:46', 0, 1, '2017-08-22 10:27:59', 'Employee ID', '2036', 'Employee ID', 'SUPERVISOR_EMPLOYEE_ID', 'Employee ID', 1, 997),
	(8964, 1, '2017-06-09 14:40:46', 0, 1, '2017-08-22 10:27:59', 'Employee Name', '2037', 'Employee Name', 'SUPERVISOR_EMPLOYEE_NAME', 'Employee Name', 1, 997),
	(8965, 1, '2017-06-09 14:40:46', 0, 1, '2017-08-22 10:27:59', 'Action', '2038', 'Action', 'SUPERVISOR_ACTION', 'Action', 1, 997),
	(8966, 1, '2017-06-09 14:40:46', 0, 1, '2017-08-22 10:27:59', 'Create', '2039', 'Create', 'SUPERVISOR_CREATE_LABEL', 'Create', 1, 997),
	(8967, 1, '2017-06-09 14:40:46', 0, 1, '2017-08-22 10:27:59', 'Save', '2040', 'Save', 'SUPERVISOR_SAVE_LABEL', 'Save', 1, 997),
	(8968, 1, '2017-06-09 14:40:46', 0, 1, '2017-08-22 10:27:59', 'Clear', '2041', 'Clear', 'SUPERVISOR_CLEAR_LABEL', 'Clear', 1, 997),
	(8969, 1, '2017-06-09 14:40:46', 0, 1, '2017-08-22 10:27:59', 'Cancel', '2042', 'Cancel', 'SUPERVISOR_CANCEL_LABEL', 'Cancel', 1, 997),
	(8970, 1, '2017-06-09 14:40:46', 0, 1, '2017-08-22 10:27:59', 'Update', '2043', 'Update', 'SUPERVISOR_UPDATE_LABEL', 'Update', 1, 997),
	(8971, 1, '2017-06-09 14:40:46', 0, 1, '2017-08-22 10:27:59', 'Delete', '2044', 'Delete', 'SUPERVISOR_DELETE_LABEL', 'Delete', 1, 997),
	(8972, 1, '2017-06-09 14:40:46', 0, 1, '2017-08-22 10:27:59', 'Create Supervisor', '2045', 'Create Supervisor', 'SUPERVISOR_CREATE_FORM_LABEL', 'Create Supervisor', 1, 997),
	(8973, 1, '2017-06-09 14:40:46', 0, 1, '2017-08-22 10:27:59', 'Update Supervisor', '2046', 'Update Supervisor', 'SUPERVISOR_UPDATE_FORM_LABEL', 'Update Supervisor', 1, 997),
	(8974, 1, '2017-06-09 14:40:46', 0, 1, '2017-08-22 10:27:59', 'رمز المشرف', '2047', 'رمز المشرف', 'SUPERVISOR_CODE', 'رمز المشرف', 2, 1000),
	(8975, 1, '2017-06-09 14:40:46', 0, 1, '2017-08-22 10:27:59', 'وصف', '2048', 'وصف', 'SUPERVISOR_DESCRIPTION', 'وصف', 2, 1000),
	(8976, 1, '2017-06-09 14:40:46', 0, 1, '2017-08-22 10:27:59', 'العربية الوصف', '2049', 'العربية الوصف', 'SUPERVISOR_ARABIC_DESCRIPTION', 'العربية الوصف', 2, 1000),
	(8977, 1, '2017-06-09 14:40:46', 0, 1, '2017-08-22 10:27:59', 'هوية الموظف', '2050', 'هوية الموظف', 'SUPERVISOR_EMPLOYEE_ID', 'هوية الموظف', 2, 1000),
	(8978, 1, '2017-06-09 14:40:46', 0, 1, '2017-08-22 10:27:59', 'اسم الموظف', '2051', 'اسم الموظف', 'SUPERVISOR_EMPLOYEE_NAME', 'اسم الموظف', 2, 1000),
	(8979, 1, '2017-06-09 14:40:46', 0, 1, '2017-08-22 10:27:59', 'عمل', '2052', 'عمل', 'SUPERVISOR_ACTION', 'عمل', 2, 1000),
	(8980, 1, '2017-06-09 14:40:46', 0, 1, '2017-08-22 10:27:59', 'خلق', '2053', 'خلق', 'SUPERVISOR_CREATE_LABEL', 'خلق', 2, 1000),
	(8981, 1, '2017-06-09 14:40:46', 0, 1, '2017-08-22 10:27:59', 'حفظ', '2054', 'حفظ', 'SUPERVISOR_SAVE_LABEL', 'حفظ', 2, 1000),
	(8982, 1, '2017-06-09 14:40:46', 0, 1, '2017-08-22 10:27:59', 'واضح', '2055', 'واضح', 'SUPERVISOR_CLEAR_LABEL', 'واضح', 2, 1000),
	(8983, 1, '2017-06-09 14:40:46', 0, 1, '2017-08-22 10:27:59', 'إلغاء', '2056', 'إلغاء', 'SUPERVISOR_CANCEL_LABEL', 'إلغاء', 2, 1000),
	(8984, 1, '2017-06-09 14:40:46', 0, 1, '2017-08-22 10:27:59', 'تحديث', '2057', 'تحديث', 'SUPERVISOR_UPDATE_LABEL', 'تحديث', 2, 1000),
	(8985, 1, '2017-06-09 14:40:46', 0, 1, '2017-08-22 10:27:59', 'حذف', '2058', 'حذف', 'SUPERVISOR_DELETE_LABEL', 'حذف', 2, 1000),
	(8986, 1, '2017-06-09 14:40:46', 0, 1, '2017-08-22 10:27:59', 'إنشاء المشرف', '2059', 'إنشاء المشرف', 'SUPERVISOR_CREATE_FORM_LABEL', 'إنشاء المشرف', 2, 1000),
	(8987, 1, '2017-06-09 14:40:46', 0, 1, '2017-08-22 10:27:59', 'تحديث المشرف', '2060', 'تحديث المشرف', 'SUPERVISOR_UPDATE_FORM_LABEL', 'تحديث المشرف', 2, 1000),
	(8988, 0, '2017-12-15 17:14:22', 0, 0, '2017-12-15 17:14:31', 'Position Training Description', '8803', 'Position  Description', 'POSITION_TRAINING_DESCRIPTION', 'Possition Training Description', 1, 1003),
	(8989, 0, '2017-12-13 15:51:08', 0, 0, '2017-12-13 15:51:10', 'Position ID', '5804', 'Position ID', 'POSITION_ID', 'POSITION ID', 1, 1003),
	(8990, 0, '2017-12-13 15:53:42', 0, 0, '2017-12-13 15:53:47', 'Search Position Training', '8805', 'Search Position Training', 'POSITION_TRAINING_SEARCH', 'Position Training Search', 1, 1003),
	(8991, 0, '2017-12-13 15:55:13', 0, 0, '2017-12-13 15:55:15', 'Arabic Description', '8806', 'Arabic Description', 'POSITION_TRAINING_ARABIC_DESCRIPTION', 'Arabic Description', 1, 1003),
	(8992, 0, '2017-12-15 17:19:04', 0, 0, '2017-12-15 17:19:06', 'Action', '8807', 'Action', 'POSITION_TRAINING_ACTION', 'Action', 1, 1003),
	(8993, 0, '2017-12-15 17:20:34', 0, 0, '2017-12-15 17:20:36', 'Create', '8808', 'Create', 'POSITION_TRAINING_CREATE_LABEL', 'Create', 1, 1003),
	(8994, 0, '2017-12-15 18:29:12', 0, 0, '2017-12-15 18:29:13', 'Save', '8809', 'Save', 'POSITION_TRAINING_SAVE_LABEL', 'Save', 1, 1003),
	(8995, 0, '2017-12-18 18:25:16', 0, 0, '2017-12-18 18:25:17', 'Clear', '8810', 'Clear', 'POSITION_TRAINING_CLEAR_LABEL', 'Clear', 1, 1003),
	(8996, 0, '2017-12-18 18:25:58', 0, 0, '2017-12-18 18:26:00', 'Cancel', '8811', 'Cancel', 'POSITION_TRAINING_CANCEL_LABEL', 'Cancel', 1, 1003),
	(8997, 0, '2017-12-18 18:29:05', 0, 0, '2017-12-18 18:29:07', 'Update', '8812', 'Update', 'POSITION_TRAINING_UPDATE_LABEL', 'Update', 1, 1003),
	(8998, 0, '2017-12-21 13:22:52', 0, 0, '2017-12-21 13:22:54', 'Delete', '8813', 'Delete', 'POSITION_TRAINING_DELETE_LABEL', 'Delete', 1, 1003),
	(8999, 0, '2018-01-02 17:47:34', 0, 0, '2018-01-02 17:47:36', 'Create Department', '8814', 'Create Position Training', 'POSITION_TRAINING_CREATE_FORM_LABEL', 'Create Position Training', 1, 1003),
	(9000, 0, '2018-01-02 17:50:21', 0, 0, '2018-01-02 17:50:23', 'Update Position Training', '8815', 'Update Position Training', 'POSITION_TRAINING_UPDATE_FORM_LABEL', 'Update Position Training', 1, 1003),
	(9001, 0, '2017-12-21 13:22:52', 0, 0, '2017-12-21 13:22:54', 'Position Course Description', '4813', 'Course Description', 'POSITION_COURSE_DESCRIPTION', 'Position Course Description', 1, 1003),
	(9002, 0, '2017-12-21 13:22:52', 0, 0, '2017-12-21 13:22:54', 'Position Course ID', '4813', 'Course ID', 'POSITION_COURSE_ID', 'Position Course ID', 1, 1003),
	(9003, 0, '2017-12-21 13:22:52', 0, 0, '2017-12-21 13:22:54', 'Position Class ID', '6817', 'Class ID', 'POSITION_CLASS_ID', 'Position Class ID', 1, 1003),
	(9004, 0, '2017-12-15 17:14:22', 0, 0, '2017-12-15 17:14:31', 'Position Attachment Description', '8903', 'Attachment Description', 'POSITION_ATTACHMENT_DESCRIPTION', 'Possition Attachment Description', 1, 1004),
	(9005, 0, '2017-12-13 15:51:08', 0, 0, '2017-12-13 15:51:10', 'Position ID', '5804', 'Position ID', 'POSITION_ID', 'POSITION ID', 1, 1004),
	(9006, 0, '2017-12-13 15:53:42', 0, 0, '2017-12-13 15:53:47', 'Search Position Attachment', '8905', 'Search Position Attachment', 'POSITION_ATTACHMENT_SEARCH', 'Position Attachment Search', 1, 1004),
	(9007, 0, '2017-12-13 15:55:13', 0, 0, '2017-12-13 15:55:15', 'Position Description', '5806', 'Position Description', 'POSITION_DESCRIPTION', 'Position Description', 1, 1004),
	(9008, 0, '2017-12-15 17:19:04', 0, 0, '2017-12-15 17:19:06', 'Action', '8907', 'Action', 'POSITION_ATTACHMENT_ACTION', 'Action', 1, 1004),
	(9009, 0, '2017-12-15 17:20:34', 0, 0, '2017-12-15 17:20:36', 'Create', '8908', 'Create', 'POSITION_ATTACHMENT_CREATE_LABEL', 'Create', 1, 1004),
	(9010, 0, '2017-12-15 18:29:12', 0, 0, '2017-12-15 18:29:13', 'Save', '8809', 'Save', 'POSITION_TRAINING_SAVE_LABEL', 'Save', 1, 1004),
	(9011, 0, '2017-12-18 18:25:16', 0, 0, '2017-12-18 18:25:17', 'Clear', '8810', 'Clear', 'POSITION_TRAINING_CLEAR_LABEL', 'Clear', 1, 1004),
	(9012, 0, '2017-12-18 18:25:58', 0, 0, '2017-12-18 18:26:00', 'Cancel', '8811', 'Cancel', 'POSITION_TRAINING_CANCEL_LABEL', 'Cancel', 1, 1004),
	(9013, 0, '2017-12-18 18:29:05', 0, 0, '2017-12-18 18:29:07', 'Update', '8812', 'Update', 'POSITION_TRAINING_UPDATE_LABEL', 'Update', 1, 1004),
	(9014, 0, '2017-12-21 13:22:52', 0, 0, '2017-12-21 13:22:54', 'Delete', '8813', 'Delete Attach', 'POSITION_TRAINING_DELETE_LABEL', 'Delete', 1, 1004),
	(9015, 0, '2018-01-02 17:47:34', 0, 0, '2018-01-02 17:47:36', 'Create Position Attachment', '8814', 'Create  Attachment', 'POSITION_TRAINING_CREATE_FORM_LABEL', 'Create Position Attachment', 1, 1004),
	(9016, 0, '2018-01-02 17:50:21', 0, 0, '2018-01-02 17:50:23', 'Update Position Attachment', '8815', 'Update  Attachment', 'POSITION_TRAINING_UPDATE_FORM_LABEL', 'Update Position Attachment', 1, 1004),
	(9017, 0, '2018-01-02 17:47:34', 0, 0, '2018-01-02 17:47:36', 'Preview Attachment', '8814', 'Preview ', 'POSITION_TRAINING_PREVIEW_FORM_LABEL', 'Preview Attachment', 1, 1004),
	(9018, 0, '2018-01-02 17:50:21', 0, 0, '2018-01-02 17:50:23', 'Attachment', '8815', 'Attach', 'POSITION_TRAINING_ATTACH_FORM_LABEL', 'Attachment', 1, 1004),
	(9019, 0, '2018-02-09 13:50:00', 0, 0, '2018-02-09 13:50:00', 'Position Budget ID', '5816', 'Position Budget ID', 'POSITION_BUDGET_ID', 'Position Budget ID', 1, 1001, ''),
	(9020, 0, '2018-02-09 13:50:00', 0, 0, '2018-02-09 13:50:00', 'الرقم التعريفي للموازنة', '5817', 'الرقم التعريفي للموازنة', 'POSITION_BUDGET_ID', 'الرقم التعريفي للموازنة', 2, 1002, ''),
	(9021, 0, '2018-02-09 13:50:00', 0, 0, '2018-02-09 13:50:00', 'Position Plan ID', '5818', 'Plan ID', 'POSITION_PLAN_ID', 'Position Plan ID', 1, 1001, ''),
	(9022, 0, '2018-02-09 13:50:00', 0, 0, '2018-02-09 13:50:00', 'تسلسل جدول الميزانية', '5819', 'تسلسل جدول الميزانية', 'BUDGET_SCHEDULE_SEQUENCE', 'تسلسل جدول الميزانية', 2, 1002, ''),
	(9023, 0, '2018-02-09 13:50:00', 0, 0, '2018-02-09 13:50:00', 'Budget Schedule Start Date', '5820', 'Start Date', 'BUDGET_SCHEDULE_START_DATE', 'Budget Schedule Start Date', 1, 1001, ''),
	(9024, 0, '2018-02-09 13:50:00', 0, 0, '2018-02-09 13:50:00', 'جدول مواعيد الميزانية تاريخ البدء', '5821', 'جدول مواعيد الميزانية تاريخ البدء', 'BUDGET_SCHEDULE_START_DATE', 'جدول مواعيد الميزانية تاريخ البدء', 2, 1002, ''),
	(9025, 0, '2018-02-09 13:50:00', 0, 0, '2018-02-09 13:50:00', 'Budget Schedule End Date', '5822', 'End Date', 'BUDGET_SCHEDULE_END_DATE', 'Budget Schedule End Date', 1, 1001, ''),
	(9026, 0, '2018-02-09 13:50:00', 0, 0, '2018-02-09 13:50:00', 'تاريخ انتهاء جدول الميزانية', '5823', 'تاريخ انتهاء جدول الميزانية', 'BUDGET_SCHEDULE_END_DATE', 'تاريخ انتهاء جدول الميزانية', 2, 1002, ''),
	(9027, 0, '2018-02-09 13:50:00', 0, 0, '2018-02-09 13:50:00', 'Budget Description', '5824', 'Description', 'BUDGET_DESCRIPTION', 'Budget Description', 1, 1001, ''),
	(9028, 0, '2018-02-09 13:50:00', 0, 0, '2018-02-09 13:50:00', 'وصف الميزانية', '5825', 'وصف الميزانية', 'BUDGET_DESCRIPTION', 'وصف الميزانية', 2, 1002, ''),
	(9029, 0, '2018-02-09 13:50:00', 0, 0, '2018-02-09 13:50:00', 'Budget Amount', '5826', ' Amount', 'BUDGET_AMOUNT', 'Budget Amount', 1, 1001, ''),
	(9030, 0, '2018-02-09 13:50:00', 0, 0, '2018-02-09 13:50:00', 'مبلغ الميزانية', '5827', 'مبلغ الميزانية', 'BUDGET_AMOUNT', 'مبلغ الميزانية', 2, 1002, ''),
	(9031, 0, '2018-02-09 13:50:00', 0, 0, '2018-02-09 13:50:00', 'Action', '5828', 'Action', 'POSITION_BUDGET_ACTION', 'Action', 1, 1001),
	(9032, 0, '2018-02-09 13:50:00', 0, 0, '2018-02-09 13:50:00', 'Create', '5829', 'Create', 'POSITION_BUDGET_CREATE_LABEL', 'Create', 1, 1001),
	(9033, 0, '2018-02-09 13:50:00', 0, 0, '2018-02-09 13:50:00', 'Save', '5830', 'Save', 'POSITION_BUDGET_SAVE_LABEL', 'Save', 1, 1001),
	(9034, 0, '2018-02-09 13:50:00', 0, 0, '2018-02-09 13:50:00', 'Clear', '5831', 'Clear', 'POSITION_BUDGET_CLEAR_LABEL', 'Clear', 1, 1001),
	(9035, 0, '2018-02-09 13:50:00', 0, 0, '2018-02-09 13:50:00', 'Cancel', '5832', 'Cancel', 'POSITION_BUDGET_CANCEL_LABEL', 'Cancel', 1, 1001),
	(9036, 0, '2017-12-18 18:29:05', 0, 0, '2017-12-18 18:29:07', 'Update', '5833', 'Update', 'POSITION_BUDGET_UPDATE_LABEL', 'Update', 1, 1001),
	(9037, 0, '2017-12-21 13:22:52', 0, 0, '2017-12-21 13:22:54', 'Delete', '5834', 'Delete', 'POSITION_BUDGET_DELETE_LABEL', 'Delete', 1, 1001),
	(9038, 0, '2017-12-21 13:22:52', 0, 0, '2017-12-21 13:22:54', 'Position Budget Search', '5835', 'Position Budget Search', 'POSITION_BUDGET_SEARCH', 'Position Budget Search', 1, 1001),
	(9039, 0, '2018-01-02 17:50:21', 0, 0, '2018-01-02 17:50:23', 'Attachment Date', '8915', 'Date', 'POSITION_ATTACHMENT_DATE', 'Attachment Date', 1, 1004),
	(9040, 0, '2018-01-02 17:50:21', 0, 0, '2018-01-02 17:50:23', 'Attachment Time', '8916', 'Time', 'POSITION_ATTACHMENT_TIME', 'Attachment Time', 1, 1004),
	(9041, 0, '2018-01-02 17:50:21', 0, 0, '2018-01-02 17:50:23', 'User ID', '8917', 'User ID', 'POSITION_ATTACHMENT_USER_ID', 'User ID', 1, 1004),
	(9042, 0, '2018-01-02 17:50:21', 0, 0, '2018-01-02 17:50:23', 'Attachment Type', '8918', 'File Type', 'POSITION_ATTACHMENT_TYPE', 'Attachment Type', 1, 1004),
	(9043, 0, '2018-02-09 13:50:00', 0, 0, '2018-02-09 13:50:00', 'عمل', '5836', 'عمل', 'POSITION_BUDGET_ACTION', 'عمل', 2, 1002),
	(9044, 0, '2018-02-09 13:50:00', 0, 0, '2018-02-09 13:50:00', 'خلق', '5837', 'خلق', 'POSITION_BUDGET_CREATE_LABEL', 'خلق', 2, 1002, ''),
	(9045, 0, '2018-02-09 13:50:00', 0, 0, '2018-02-09 13:50:00', 'حفظ', '5838', 'حفظ', 'POSITION_BUDGET_SAVE_LABEL', 'حفظ', 2, 1002),
	(9046, 0, '2018-02-09 13:50:00', 0, 0, '2018-02-09 13:50:00', 'واضح', '5839', 'واضح', 'POSITION_BUDGET_CLEAR_LABEL', 'واضح', 2, 1002),
	(9047, 0, '2018-02-09 13:50:00', 0, 0, '2018-02-09 13:50:00', 'إلغاء', '5840', 'إلغاء', 'POSITION_BUDGET_CANCEL_LABEL', 'إلغاء', 2, 1002),
	(9048, 0, '2017-12-18 18:29:05', 0, 0, '2017-12-18 18:29:07', 'تحديث', '5841', 'تحديث', 'POSITION_BUDGET_UPDATE_LABEL', 'تحديث', 2, 1002),
	(9049, 0, '2017-12-21 13:22:52', 0, 0, '2017-12-21 13:22:54', 'حذف', '5842', 'حذف', 'POSITION_BUDGET_DELETE_LABEL', 'حذف', 2, 1002),
	(9050, 0, '2017-12-21 13:22:52', 0, 0, '2017-12-21 13:22:54', 'وضع البحث في الميزانية', '5843', 'وضع البحث في الميزانية', 'POSITION_BUDGET_SEARCH', 'وضع البحث في الميزانية', 2, 1002),
	(9051, 0, '2018-02-09 13:50:00', 0, 0, '2018-02-09 13:50:00', 'Position Paln Setup Description', '7918', 'Position Paln Setup Description', 'POSITION_PLAN_SETUP_DESCRIPTION', 'Position Paln Setup Description', 1, 1001, ''),
	(9052, 0, '2018-02-09 13:50:00', 0, 0, '2018-02-09 13:50:00', 'وضع وضع بال الوصف', '7919', 'وضع وضع بال الوصف', 'POSITION_PLAN_SETUP_DESCRIPTION', 'وضع وضع بال الوصف', 2, 1002, ''),
	(9053, 0, '2018-02-09 13:50:00', 0, 0, '2018-02-09 13:50:00', 'Position Paln Setup Arabic Description', '7920', 'Position Paln Setup Arabic Description', 'POSITION_PLAN_SETUP_ARABIC_DESCRIPTION', 'Position Paln Setup Arabic Description', 1, 1001, ''),
	(9054, 0, '2018-02-09 13:50:00', 0, 0, '2018-02-09 13:50:00', 'وضع وضع بال الوصف', '7921', 'وضع بال إعداد العربية الوصف', 'POSITION_PLAN_SETUP_ARABIC_DESCRIPTION', 'وضع بال إعداد العربية الوصف', 2, 1002, ''),
	(9055, 1, '2017-06-09 14:40:46', 0, 1, '2017-08-22 10:27:59', 'Position Plan ID', '2047', 'Position Plan ID', 'POSITION_PLAN_ID', 'Position Plan ID', 1, 999),
	(9056, 1, '2017-06-09 14:40:46', 0, 1, '2017-08-22 10:27:59', 'Position ID', '2048', 'Position ID', 'POSITION_ID', 'Position ID', 1, 999),
	(9057, 1, '2017-06-09 14:40:46', 0, 1, '2017-08-22 10:27:59', 'Code Type', '2049', 'Code Type', 'POSITION_PAYCODE_TYPE', 'Code Type', 1, 999),
	(9058, 1, '2017-06-09 14:40:46', 0, 1, '2017-08-22 10:27:59', 'Pay Code ID', '2050', 'Pay Code ID', 'POSITION_PAYCODE_ID', 'Pay Code ID', 1, 999),
	(9059, 1, '2017-06-09 14:40:46', 0, 1, '2017-08-22 10:27:59', 'Pay Rate', '2051', 'Pay Rate', 'POSITION_PAYCODE_PAYRATE', 'Pay Rate', 1, 999),
	(9061, 1, '2017-06-09 14:40:46', 0, 1, '2017-08-22 10:27:59', 'Action', '2052', 'Action', 'POSITION_PAYCODE_ACTION', 'Action', 1, 999),
	(9062, 1, '2017-06-09 14:40:46', 0, 1, '2017-08-22 10:27:59', 'Create', '2053', 'Create', 'POSITION_PAYCODE_CREATE_LABEL', 'Create', 1, 999),
	(9063, 1, '2017-06-09 14:40:46', 0, 1, '2017-08-22 10:27:59', 'Save', '2054', 'Save', 'POSITION_PAYCODE_SAVE_LABEL', 'Save', 1, 999),
	(9064, 1, '2017-06-09 14:40:46', 0, 1, '2017-08-22 10:27:59', 'Clear', '2055', 'Clear', 'POSITION_PAYCODE_CLEAR_LABEL', 'Clear', 1, 999),
	(9065, 1, '2017-06-09 14:40:46', 0, 1, '2017-08-22 10:27:59', 'Cancel', '2056', 'Cancel', 'POSITION_PAYCODE_CANCEL_LABEL', 'Cancel', 1, 999),
	(9066, 1, '2017-06-09 14:40:46', 0, 1, '2017-08-22 10:27:59', 'Update', '2057', 'Update', 'POSITION_PAYCODE_UPDATE_LABEL', 'Update', 1, 999),
	(9067, 1, '2017-06-09 14:40:46', 0, 1, '2017-08-22 10:27:59', 'Delete', '2058', 'Delete', 'POSITION_PAYCODE_DELETE_LABEL', 'Delete', 1, 999),
	(9068, 1, '2017-06-09 14:40:46', 0, 1, '2017-08-22 10:27:59', 'Description', '2059', 'Description', 'POSITION_PLAN_DESCRIPTION', 'Description', 1, 999),
	(9069, 1, '2017-06-09 14:40:46', 0, 1, '2017-08-22 10:27:59', 'Type', '2060', 'Type', 'POSITION_PAYCODE_TYPE1', 'Type', 1, 999),
	(9070, 1, '2017-06-09 14:40:46', 0, 1, '2017-08-22 10:27:59', 'Unit Code', '2061', 'Unit Code', 'POSITION_PAYCODE_UNIT_CODE', 'Unit Code', 1, 999),
	(9071, 0, '2018-02-09 13:50:00', 0, 0, '2018-02-09 13:50:00', 'Position Plan Description', '5824', ' Plan Description', 'POSITION_PLAN_DESCRIPTION', 'Position Plan Description', 1, 1001, ''),
	(9072, 0, '2018-02-09 13:50:00', 0, 0, '2018-02-09 13:50:00', 'Position Plan Arabic Description', '5824', 'Plan Arabic Description', 'POSITION_ARBIC_DESCRIPTION', 'Arabic Description', 1, 1001, ''),
	(9073, 0, '2018-02-13 15:07:00', 0, 0, '2018-02-13 15:07:00', 'Department Gregorian Start Date', '5825', 'Gregorian Start Date', 'DEPARTMENT_GREGORIAN_START_DATE', 'Department Gregorian Start Date', 1, 222, ''),
	(9074, 1, '2017-06-09 14:40:46', 0, 1, '2017-08-22 10:27:59', 'Search Supervisor', '1999', 'Search Supervisor', 'SUPERVISOR_SEARCH', 'Search Supervisor', 1, 997),
	(9075, 1, '2017-06-09 14:40:46', 0, 1, '2017-08-22 10:27:59', 'Search Location', '1999', 'Search Location', 'LOCATION_SEARCH', 'Search Location', 1, 993),
	(9077, 1, '2017-06-09 14:40:46', 0, 1, '2017-08-22 10:27:59', 'Search Position Pay Code', '1999', 'Search Position Pay Code', 'POSITION_PAYCODE_SEARCH', 'Search Position Pay Code', 1, 999),
	(9078, 0, '2018-02-13 15:07:00', 0, 0, '2018-02-13 15:07:00', 'Department Hijri Start Date', '5825', 'Hijri Start Date', 'DEPARTMENT_HIJRI_START_DATE', 'Department Hijri Start Date', 1, 222, ''),
	(9080, 1, '2017-06-09 14:40:46', 0, 1, '2017-08-22 10:27:59', 'Create Position Budget', '2063', 'Create Position Budget', 'POSITION_BUDGET_CREATE_FORM_LABEL', 'Create Position Budget', 1, 1001),
	(9081, 1, '2017-06-09 14:40:46', 0, 1, '2017-08-22 10:27:59', 'Update Postion Budget', '2063', 'Update Postion Budget', 'POSITION_BUDGET_UPDATE_FORM_LABEL', 'Update Postion Budget', 1, 1001),
	(9082, 1, '2017-06-09 14:40:46', 0, 1, '2017-08-22 10:27:59', 'Create Pay Code', '2062', 'Create Pay Code', 'POSITION_PAYCODE_CREATE_FORM_LABEL', 'Create Pay Code', 1, 999),
	(9083, 1, '2017-06-09 14:40:46', 0, 1, '2017-08-22 10:27:59', 'Create Position Pay Code', '2062', 'Create Position Pay Code', 'POSITION_PAYCODE_CREATE_FORM_LABEL1', 'Create Position Pay Code', 1, 999),
	(9084, 1, '2017-06-09 14:40:46', 0, 1, '2017-08-22 10:27:59', 'Update Position Pay Code', '2062', 'Update Position Pay Code', 'POSITION_PAYCODE_UPDATE_FORM_LABEL1', 'Update Position Pay Code', 1, 999);
/*!40000 ALTER TABLE `fields` ENABLE KEYS */;

-- Dumping structure for table bti-user-module1.field_validation
CREATE TABLE IF NOT EXISTS `field_validation` (
  `field_validation_id` int(11) NOT NULL AUTO_INCREMENT,
  `created_by` int(11) DEFAULT NULL,
  `created_date` datetime DEFAULT NULL,
  `is_deleted` tinyint(4) DEFAULT '0',
  `updated_by` int(11) DEFAULT NULL,
  `updated_date` datetime DEFAULT NULL,
  `field_id` int(11) DEFAULT NULL,
  `validation_message_id` int(11) DEFAULT NULL,
  PRIMARY KEY (`field_validation_id`),
  KEY `FK2f61hl7ggtc353kvl55kvi5bj` (`field_id`),
  KEY `FKks8ci6ckkr6k66ngtsmsjrlj8` (`validation_message_id`),
  CONSTRAINT `FK2f61hl7ggtc353kvl55kvi5bj` FOREIGN KEY (`field_id`) REFERENCES `fields` (`field_id`),
  CONSTRAINT `FKks8ci6ckkr6k66ngtsmsjrlj8` FOREIGN KEY (`validation_message_id`) REFERENCES `validation_message` (`validation_message_id`)
) ENGINE=InnoDB AUTO_INCREMENT=1424 DEFAULT CHARSET=utf8;

-- Dumping data for table bti-user-module1.field_validation: ~86 rows (approximately)
/*!40000 ALTER TABLE `field_validation` DISABLE KEYS */;
INSERT INTO `field_validation` (`field_validation_id`, `created_by`, `created_date`, `is_deleted`, `updated_by`, `updated_date`, `field_id`, `validation_message_id`) VALUES
	(1318, 1, '2017-12-15 18:43:15', 0, 1, '2017-12-15 18:43:17', 8403, 1),
	(1319, 1, '2017-12-15 18:46:04', 0, 1, '2017-12-15 18:46:10', 8402, 1),
	(1320, 1, '2017-12-18 15:52:03', 0, 1, '2017-12-18 15:52:05', 8422, 1),
	(1321, 1, '2017-12-19 18:27:54', 0, 1, '2017-12-19 18:27:56', 8403, 20),
	(1322, 1, '2017-12-19 18:33:07', 0, 1, '2017-12-19 18:33:08', 8402, 35),
	(1323, 1, '2017-12-19 18:37:48', 0, 1, '2017-12-19 18:37:49', 8405, 1),
	(1324, 1, '2017-12-19 18:38:20', 0, 1, '2017-12-19 18:38:21', 8405, 36),
	(1325, 1, '2017-12-19 18:39:39', 0, 1, '2017-12-19 18:39:41', 8423, 1),
	(1326, 1, '2017-12-19 18:40:53', 0, 1, '2017-12-19 18:40:54', 8422, 20),
	(1327, 1, '2017-12-19 18:41:07', 0, 1, '2017-12-19 18:41:08', 8423, 35),
	(1328, 1, '2017-12-19 18:41:46', 0, 1, '2017-12-19 18:41:47', 8424, 1),
	(1329, 1, '2017-12-19 18:42:08', 0, 1, '2017-12-19 18:42:09', 8424, 36),
	(1330, 1, '2017-12-19 18:42:24', 0, 1, '2017-12-19 18:42:25', 8425, 1),
	(1331, 1, '2017-12-19 18:42:47', 0, 1, '2017-12-19 18:42:49', 8426, 1),
	(1332, 1, '2017-12-19 18:42:59', 0, 1, '2017-12-19 18:43:00', 8426, 36),
	(1333, 1, '2017-12-19 18:43:53', 0, 1, '2017-12-19 18:43:54', 8427, 1),
	(1334, 1, '2017-12-19 18:44:20', 0, 1, '2017-12-19 18:44:21', 8427, 37),
	(1335, 1, '2017-12-19 18:45:59', 0, 1, '2017-12-19 18:46:00', 8428, 1),
	(1336, 1, '2017-12-19 18:46:20', 0, 1, '2017-12-19 18:46:22', 8428, 37),
	(1337, 1, '2017-12-19 18:46:43', 0, 1, '2017-12-19 18:46:44', 8429, 1),
	(1338, 1, '2017-12-19 18:47:07', 0, 1, '2017-12-19 18:17:08', 8429, 26),
	(1339, 1, '2017-12-19 18:47:56', 0, 1, '2017-12-19 18:47:58', 8429, 24),
	(1340, 1, '2017-12-15 18:46:04', 0, 1, '2017-12-15 18:46:10', 8877, 1),
	(1341, 1, '2017-12-19 18:33:07', 0, 1, '2017-12-19 18:33:08', 8877, 20),
	(1342, 1, '2017-12-15 18:46:04', 0, 1, '2017-12-15 18:46:10', 8876, 1),
	(1343, 1, '2017-12-19 18:33:07', 0, 1, '2017-12-19 18:33:08', 8876, 7),
	(1344, 1, '2017-12-15 18:46:04', 0, 1, '2017-12-15 18:46:10', 8879, 1),
	(1345, 1, '2017-12-19 18:33:07', 0, 1, '2017-12-19 18:33:08', 8879, 35),
	(1346, 1, '2017-12-15 18:46:04', 0, 1, '2017-12-15 18:46:10', 8890, 1),
	(1347, 1, '2017-12-19 18:33:07', 0, 1, '2017-12-19 18:33:08', 8890, 20),
	(1348, 1, '2017-12-15 18:46:04', 0, 1, '2017-12-15 18:46:10', 8889, 1),
	(1349, 1, '2017-12-19 18:33:07', 0, 1, '2017-12-19 18:33:08', 8889, 35),
	(1350, 1, '2017-12-15 18:46:04', 0, 1, '2017-12-15 18:46:10', 8892, 1),
	(1351, 1, '2017-12-19 18:33:07', 0, 1, '2017-12-19 18:33:08', 8892, 31),
	(1352, 1, '2017-12-15 18:46:04', 0, 1, '2017-12-15 18:46:10', 8944, 1),
	(1353, 1, '2017-12-19 18:33:07', 0, 1, '2017-12-19 18:33:08', 8944, 20),
	(1354, 1, '2017-12-15 18:46:04', 0, 1, '2017-12-15 18:46:10', 8943, 1),
	(1355, 1, '2017-12-19 18:33:07', 0, 1, '2017-12-19 18:33:08', 8943, 35),
	(1356, 1, '2017-12-15 18:46:04', 0, 1, '2017-12-15 18:46:10', 8946, 1),
	(1357, 1, '2017-12-19 18:33:07', 0, 1, '2017-12-19 18:33:08', 8946, 36),
	(1358, 1, '2017-12-15 18:46:04', 0, 1, '2017-12-15 18:46:10', 9004, 1),
	(1359, 1, '2017-12-19 18:33:07', 0, 1, '2017-12-19 18:33:08', 9004, 36),
	(1360, 1, '2017-12-15 18:46:04', 0, 1, '2017-12-15 18:46:10', 8906, 1),
	(1361, 1, '2017-12-19 18:33:07', 0, 1, '2017-12-19 18:33:08', 8906, 20),
	(1362, 1, '2017-12-15 18:46:04', 0, 1, '2017-12-15 18:46:10', 8907, 1),
	(1363, 1, '2017-12-19 18:33:07', 0, 1, '2017-12-19 18:33:08', 8907, 35),
	(1364, 1, '2017-12-15 18:46:04', 0, 1, '2017-12-15 18:46:10', 8908, 1),
	(1365, 1, '2017-12-19 18:33:07', 0, 1, '2017-12-19 18:33:08', 8908, 36),
	(1370, 1, '2017-12-15 18:46:04', 0, 1, '2017-12-15 18:46:10', 8910, 1),
	(1371, 1, '2017-12-19 18:33:07', 0, 1, '2017-12-19 18:33:08', 8910, 36),
	(1372, 1, '2017-12-15 18:46:04', 0, 1, '2017-12-15 18:46:10', 8909, 1),
	(1373, 1, '2017-12-19 18:33:07', 0, 1, '2017-12-19 18:33:08', 8909, 36),
	(1374, 1, '2017-12-15 18:46:04', 0, 1, '2017-12-15 18:46:10', 8911, 1),
	(1375, 1, '2017-12-19 18:33:07', 0, 1, '2017-12-19 18:33:08', 8911, 37),
	(1376, 1, '2017-12-15 18:46:04', 0, 1, '2017-12-15 18:46:10', 8912, 1),
	(1377, 1, '2017-12-19 18:33:07', 0, 1, '2017-12-19 18:33:08', 8912, 36),
	(1378, 1, '2017-12-15 18:46:04', 0, 1, '2017-12-15 18:46:10', 8913, 1),
	(1379, 1, '2017-12-19 18:33:07', 0, 1, '2017-12-19 18:33:08', 8913, 37),
	(1380, 1, '2017-12-15 18:46:04', 0, 1, '2017-12-15 18:46:10', 8914, 1),
	(1381, 1, '2017-12-19 18:33:07', 0, 1, '2017-12-19 18:33:08', 8914, 37),
	(1382, 1, '2017-12-15 18:46:04', 0, 1, '2017-12-15 18:46:10', 8960, 1),
	(1383, 1, '2017-12-19 18:33:07', 0, 1, '2017-12-19 18:33:08', 8960, 20),
	(1384, 1, '2017-12-15 18:46:04', 0, 1, '2017-12-15 18:46:10', 8961, 1),
	(1385, 1, '2017-12-19 18:33:07', 0, 1, '2017-12-19 18:33:08', 8961, 35),
	(1386, 1, '2017-12-15 18:46:04', 0, 1, '2017-12-15 18:46:10', 8962, 1),
	(1387, 1, '2017-12-19 18:33:07', 0, 1, '2017-12-19 18:33:08', 8962, 36),
	(1388, 1, '2017-12-15 18:46:04', 0, 1, '2017-12-15 18:46:10', 8963, 1),
	(1389, 1, '2017-12-15 18:46:04', 0, 1, '2017-12-15 18:46:10', 8964, 1),
	(1390, 1, '2017-12-15 18:46:04', 0, 1, '2017-12-15 18:46:10', 8813, 1),
	(1391, 1, '2017-12-19 18:33:07', 0, 1, '2017-12-19 18:33:08', 8813, 20),
	(1392, 1, '2017-12-15 18:46:04', 0, 1, '2017-12-15 18:46:10', 8812, 1),
	(1393, 1, '2017-12-19 18:33:07', 0, 1, '2017-12-19 18:33:08', 8812, 35),
	(1394, 1, '2017-12-15 18:46:04', 0, 1, '2017-12-15 18:46:10', 8815, 1),
	(1395, 1, '2017-12-19 18:33:07', 0, 1, '2017-12-19 18:33:08', 8815, 36),
	(1396, 1, '2017-12-15 18:46:04', 0, 1, '2017-12-15 18:46:10', 8815, 1),
	(1397, 1, '2017-12-19 18:33:07', 0, 1, '2017-12-19 18:33:08', 8815, 36),
	(1398, 1, '2017-12-15 18:46:04', 0, 1, '2017-12-15 18:46:10', 8832, 1),
	(1399, 1, '2017-12-19 18:33:07', 0, 1, '2017-12-19 18:33:08', 8832, 20),
	(1400, 1, '2017-12-15 18:46:04', 0, 1, '2017-12-15 18:46:10', 8833, 1),
	(1401, 1, '2017-12-19 18:33:07', 0, 1, '2017-12-19 18:33:08', 8833, 35),
	(1402, 1, '2017-12-15 18:46:04', 0, 1, '2017-12-15 18:46:10', 8837, 1),
	(1403, 1, '2017-12-19 18:33:07', 0, 1, '2017-12-19 18:33:08', 8837, 37),
	(1404, 1, '2017-12-15 18:46:04', 0, 1, '2017-12-15 18:46:10', 8838, 1),
	(1405, 1, '2017-12-19 18:33:07', 0, 1, '2017-12-19 18:33:08', 8838, 37),
	(1406, 1, '2017-12-15 18:46:04', 0, 1, '2017-12-15 18:46:10', 8835, 1),
	(1407, 1, '2017-12-19 18:33:07', 0, 1, '2017-12-19 18:33:08', 8835, 37),
	(1408, 1, '2017-12-19 18:33:07', 0, 1, '2017-12-19 18:33:08', 8836, 36),
	(1409, 1, '2017-12-15 18:46:04', 0, 1, '2017-12-15 18:46:10', 8839, 1),
	(1410, 1, '2017-12-19 18:33:07', 0, 1, '2017-12-19 18:33:08', 8839, 22),
	(1411, 1, '2017-12-15 18:46:04', 0, 1, '2017-12-15 18:46:10', 8903, 1),
	(1412, 1, '2017-12-15 18:46:04', 0, 1, '2017-12-15 18:46:10', 8902, 1),
	(1413, 1, '2017-12-19 18:33:07', 0, 1, '2017-12-19 18:33:08', 8902, 20),
	(1414, 1, '2017-12-15 18:46:04', 0, 1, '2017-12-15 18:46:10', 8905, 1),
	(1415, 1, '2017-12-15 18:46:04', 0, 1, '2017-12-15 18:46:10', 8904, 1),
	(1416, 1, '2017-12-19 18:33:07', 0, 1, '2017-12-19 18:33:08', 8904, 24),
	(1417, 1, '2017-12-19 18:33:07', 0, 1, '2017-12-19 18:33:08', 9057, 1),
	(1418, 1, '2017-12-19 18:33:07', 0, 1, '2017-12-19 18:33:08', 9058, 1),
	(1419, 1, '2017-12-19 18:33:07', 0, 1, '2017-12-19 18:33:08', 9059, 1),
	(1420, 1, '2017-12-19 18:33:07', 0, 1, '2017-12-19 18:33:08', 9055, 1),
	(1421, 1, '2017-12-19 18:33:07', 0, 1, '2017-12-19 18:33:08', 9021, 1),
	(1422, 1, '2017-12-19 18:33:07', 0, 1, '2017-12-19 18:33:08', 9027, 1),
	(1423, 1, '2017-12-19 18:33:07', 0, 1, '2017-12-19 18:33:08', 9029, 1);
/*!40000 ALTER TABLE `field_validation` ENABLE KEYS */;

-- Dumping structure for table bti-user-module1.screens
CREATE TABLE IF NOT EXISTS `screens` (
  `screen_id` int(11) NOT NULL AUTO_INCREMENT,
  `created_by` int(11) DEFAULT NULL,
  `created_date` datetime DEFAULT NULL,
  `is_deleted` tinyint(4) DEFAULT '0',
  `updated_by` int(11) DEFAULT NULL,
  `updated_date` datetime DEFAULT NULL,
  `description` varchar(255) DEFAULT NULL,
  `help_message` varchar(255) DEFAULT NULL,
  `screen_code` varchar(255) DEFAULT NULL,
  `screen_name` varchar(255) DEFAULT NULL,
  `sidemenu` varchar(255) DEFAULT NULL,
  `sidemenu_url` varchar(255) DEFAULT NULL,
  `lang_id` int(11) DEFAULT NULL,
  `module_id` int(11) DEFAULT NULL,
  PRIMARY KEY (`screen_id`),
  KEY `FKbu7pqf29ne81quqgkancdausl` (`lang_id`),
  KEY `FK4caxi0h47ab39lkupuaee4e8e` (`module_id`),
  CONSTRAINT `FK4caxi0h47ab39lkupuaee4e8e` FOREIGN KEY (`module_id`) REFERENCES `module` (`module_id`),
  CONSTRAINT `FKbu7pqf29ne81quqgkancdausl` FOREIGN KEY (`lang_id`) REFERENCES `language` (`lang_id`)
) ENGINE=InnoDB AUTO_INCREMENT=1006 DEFAULT CHARSET=utf8;

-- Dumping data for table bti-user-module1.screens: ~492 rows (approximately)
/*!40000 ALTER TABLE `screens` DISABLE KEYS */;
INSERT INTO `screens` (`screen_id`, `created_by`, `created_date`, `is_deleted`, `updated_by`, `updated_date`, `description`, `help_message`, `screen_code`, `screen_name`, `sidemenu`, `sidemenu_url`, `lang_id`, `module_id`, `hijri_date`) VALUES
	(991, 1, '2018-01-02 12:37:51', 0, 1, '2018-01-02 12:37:53', 'Department Screen', 'قسم الشاشة', 'S-1220', 'قسم الشاشة', NULL, NULL, 2, 21),
	(992, 1, '2018-01-02 15:50:39', 0, 1, '2018-01-02 15:50:40', 'Division Screen', 'تقسيم الشاشة', 'S-1221', 'تقسيم الشاشة', NULL, NULL, 2, 21),
	(993, 1, '2017-12-18 13:24:47', 0, 1, '2017-12-18 13:24:49', 'Location', 'Location', 'S-1312', 'Location', 'Location', 'hcm/location', 1, 2),
	(994, 1, '2017-12-18 13:24:47', 0, 1, '2017-12-18 13:24:49', 'Position Setup', 'Position Setup', 'S-1313', 'Position Setup', 'Position Setup', 'hcm/positionSetup', 1, 2),
	(995, 1, '2017-12-18 13:24:47', 0, 1, '2017-12-18 13:24:49', 'موقعك', 'موقعك', 'S-1312', 'موقعك', 'موقعك', 'hcm/location', 2, 21),
	(996, 1, '2017-12-18 13:24:47', 0, 1, '2017-12-18 13:24:49', 'Position Plan Setup', 'Position Plan Setup', 'S-1314', 'Position Plan Setup', 'Position Plan Setup', 'hcm/positionPlanSetup', 1, 2),
	(997, 1, '2017-12-18 13:24:47', 0, 1, '2017-12-18 13:24:49', 'Supervisor', 'Supervisor', 'S-1315', 'Supervisor', 'Supervisor', 'hcm/supervisor', 1, 2),
	(998, 1, '2018-02-06 13:24:47', 0, 1, '2018-02-06 13:24:47', 'Pay Code', 'Position Pay Code', 'S-1400', 'Pay Code', 'Pay Code', 'hcm/paycode', 1, 2),
	(999, 1, '2017-12-13 18:33:32', 0, 1, '2017-12-13 18:33:34', 'Position Pay Code', 'Position Pay Code', 'S-1317', 'Position Pay Code', 'Position Pay Code', 'hcm/positionPayCode', 1, 2),
	(1000, 1, '2017-12-18 13:24:47', 0, 1, '2017-12-18 13:24:49', 'مشرف', 'مشرف', 'S-1315', 'مشرف', 'مشرف', 'hcm/supervisor', 2, 21),
	(1001, 1, '2018-02-08 15:33:33', 0, 1, '2018-02-08 15:33:33', 'Position Budget Schedule', 'Position Budget Schedule', 'S-1401', 'Position Budget Schedule', 'Position Budget Schedule', 'hcm/positionBudget', 1, 2),
	(1002, 1, '2018-02-08 15:33:33', 0, 1, '2018-02-08 15:33:33', 'وضع جدول الميزانية', 'وضع جدول الميزانية', 'S-1401', 'وضع جدول الميزانية', 'وضع جدول الميزانية', 'hcm/positionBudget', 2, 21),
	(1003, 1, '2018-02-08 15:33:33', 0, 1, '2018-02-08 15:33:33', 'Position Training', 'Position Training', 'S-1318', 'Position Training', 'Position Training', 'hcm/positionTraining', 1, 2),
	(1004, 1, '2018-02-08 15:33:33', 0, 1, '2018-02-08 15:33:33', 'Position Attachment', 'Position Attachment', 'S-1319', 'Position Attachment', 'Position Attachment', 'hcm/positionAttachment', 1, 2),
	(1005, 1, '2018-02-14 12:33:33', 0, 1, '2018-02-12 12:33:33', 'Date Converter', 'Date Converter', 'S-1402', 'Date Converter', 'Date Converter', 'hcm/dateConverter', 1, 2);
/*!40000 ALTER TABLE `screens` ENABLE KEYS */;

/*!40101 SET SQL_MODE=IFNULL(@OLD_SQL_MODE, '') */;
/*!40014 SET FOREIGN_KEY_CHECKS=IF(@OLD_FOREIGN_KEY_CHECKS IS NULL, 1, @OLD_FOREIGN_KEY_CHECKS) */;
/*!40101 SET CHARACTER_SET_CLIENT=@OLD_CHARACTER_SET_CLIENT */;
